date,total_loc,total_files
2026-04-08,221784,1322
2026-04-09,222534,1331
2026-04-10,223469,1341
2026-04-11,224432,1351
2026-04-12,225406,1361
2026-04-13,226360,1371
2026-04-14,227318,1381
2026-04-15,177894,1209
2026-04-16,178840,1219
2026-04-17,179799,1230
2026-04-18,180658,1240
2026-04-19,181630,1250
2026-04-20,182254,1260
2026-04-21,183239,1270
2026-04-22,184219,1280
2026-04-23,185199,1290
2026-04-24,186145,1300
2026-04-25,187109,1310
2026-04-26,188079,1320
2026-04-27,189040,1330
2026-04-28,190026,1340
2026-04-29,190808,1349
2026-04-30,191749,1359
2026-05-01,192725,1369
2026-05-02,193694,1379
2026-05-03,194671,1389
2026-05-04,186396,1324
2026-05-05,187331,1334
2026-05-06,188312,1344
2026-05-07,189088,1353
2026-05-08,190045,1363
2026-05-09,191274,1377
2026-05-10,192033,1383
2026-05-11,192980,1393
2026-05-12,193931,1402
2026-05-13,194887,1412
2026-05-14,195839,1422
2026-05-15,196792,1432
2026-05-16,197860,1448
2026-05-17,198859,1458
2026-05-18,199771,1468
2026-05-19,200598,1472
2026-05-20,201592,1482
2026-05-21,202562,1492
2026-05-22,203543,1502
2026-05-23,204511,1512
2026-05-24,205503,1522
2026-05-25,206471,1532
2026-05-26,207398,1541
2026-05-27,208324,1550
2026-05-28,209304,1560
2026-05-29,210276,1570
2026-05-30,211223,1580
2026-05-31,212212,1590
2026-06-01,213190,1600
2026-06-02,214078,1608
2026-06-03,215034,1619
2026-06-04,215993,1627
2026-06-05,216882,1635
2026-06-06,219446,1662
2026-06-07,220587,1676
2026-06-08,221739,1690
2026-06-09,222690,1698
2026-06-10,223942,1717
2026-06-11,225372,1731
2026-06-12,226434,1744
2026-06-13,227714,1756
2026-06-14,228909,1770
2026-06-15,230457,1783
2026-06-16,231342,1794
2026-06-17,232363,1806
2026-06-18,233489,1819
2026-06-19,234573,1828
2026-06-20,235554,1837
2026-06-21,236691,1846
2026-06-22,236978,1851
2026-06-23,237193,1855
2026-06-24,237525,1861
2026-06-25,237791,1867
2026-06-26,238111,1873
2026-06-27,238388,1878
2026-06-28,238756,1884
2026-06-29,239080,1890
2026-06-30,239365,1895
2026-07-01,239675,1901
2026-07-02,240016,1907
2026-07-03,240363,1913
2026-07-04,240709,1919
2026-07-05,241009,1924
2026-07-06,241326,1930
2026-07-07,241595,1935
2026-07-08,241922,1941
2026-07-09,242248,1947
2026-07-10,242614,1953
2026-07-11,242957,1959
2026-07-12,243254,1964
2026-07-13,243557,1970
2026-07-14,243864,1976
2026-07-15,244137,1981
